1,ЯндексМаркет,Жостовская фабрика декоративной росписи,Жостовский поднос,A5D13012022001,7650,https://market.yandex.ru/offer/jfyvHgj69IT2bDuLZUOlgw
2,ЯндексМаркет,Жостовская фабрика декоративной росписи,Жостовский поднос,A14D30082022016,7155,https://market.yandex.ru/offer/1Ty7-X0Cmw49ROMSP6VniA
3,ЯндексМаркет,Жостовская фабрика декоративной росписи,Жостовский поднос,A14D30082022019,7155,https://market.yandex.ru/offer/mU4yXbo9NwZBGINAifuv-w
4,ЯндексМаркет,Жостовская фабрика декоративной росписи,Поднос Жостовский,A1D12052022001,1580,https://market.yandex.ru/offer/Qka95GoXSTufHdw2CQNkRw
5,ЯндексМаркет,Жостовская фабрика декоративной росписи,Жостовский поднос,A5D11072022004,2070,https://market.yandex.ru/offer/HLANBUuXrNJ-MxwKgKx_Bg
6,ЯндексМаркет,Жостовская фабрика декоративной росписи,Жостовский поднос,A14D30082022014,6290,https://market.yandex.ru/offer/7_pK0iu7nzWZ5kAmXdwnHg
7,ЯндексМаркет,Жостовская фабрика декоративной росписи,Жостовский поднос,A14D30082022013,6290,https://market.yandex.ru/offer/S6Deik7gow5bF4S-FwIxQg
8,ЯндексМаркет,Жостовская фабрика декоративной росписи,Жостовский поднос,A14D11072022015,6290,https://market.yandex.ru/offer/jj8VW8FQPTUjbgvnRfvP0w
9,ЯндексМаркет,Жостовская фабрика декоративной росписи,Жостовский поднос,A14D30082022012,6290,https://market.yandex.ru/offer/1tI3CZm8f5pnVe3t-srXOg
10,ЯндексМаркет,Жостовская фабрика декоративной росписи,Жостовский поднос,A2D30082022020,1650,https://market.yandex.ru/offer/hf5QUYlZGXb6Vbltq2aErw
11,ЯндексМаркет,Жостовская фабрика декоративной росписи,Жостовский поднос,A2D30082022019,1650,https://market.yandex.ru/offer/k_yXQ-mLA3_E1Fx4iVDw7w
12,ЯндексМаркет,Жостовская фабрика декоративной росписи,Жостовский поднос,A2D11072022010,1650,https://market.yandex.ru/offer/GktKPBDsdsH5s7BUoKTNwg
13,ЯндексМаркет,Жостовская фабрика декоративной росписи,Жостовский поднос,A2D30082022014,1650,https://market.yandex.ru/offer/raGyUWoBRjP8yg0NvMLyLw
14,ЯндексМаркет,Жостовская фабрика декоративной росписи,Жостовский поднос,A2D11072022017,1650,https://market.yandex.ru/offer/ZU4Kd7Vf5g2Onw99u2L12A
15,ЯндексМаркет,Жостовская фабрика декоративной росписи,Жостовский поднос,A2D11072022005,1650,https://market.yandex.ru/offer/LgCGm6XxDOSEhNGCQzqnWA
16,ЯндексМаркет,Жостовская фабрика декоративной росписи,Жостовский поднос,A2D11072022008,1650,https://market.yandex.ru/offer/zHX5PFbxBqoTZJ0T0zrJtQ
17,ЯндексМаркет,Жостовская фабрика декоративной росписи,Жостовский поднос,A2D30082022012,1650,https://market.yandex.ru/offer/iLqFadWyN413-W0PVwy0Pw
18,ЯндексМаркет,Жостовская фабрика декоративной росписи,Жостовский поднос,A2D11072022016,1650,https://market.yandex.ru/offer/Bo0dnNigsIFdkzS02oSwJg
19,ЯндексМаркет,Жостовская фабрика декоративной росписи,Жостовский поднос,A2D30082022018,1650,https://market.yandex.ru/offer/XcuOjYTcfyDhnLu8G-f4cQ
20,ЯндексМаркет,Жостовская фабрика декоративной росписи,Жостовский поднос,A2D30082022025,1650,https://market.yandex.ru/offer/G034d4j0i-0Znbhulz_V2Q
21,ЯндексМаркет,Жостовская фабрика декоративной росписи,Жостовский поднос,A1D01032022016,1408,https://market.yandex.ru/offer/kiXvC-o-WR0ASl7OBGV9Fg
22,ЯндексМаркет,Жостовская фабрика декоративной росписи,Жостовский поднос,A8D13012022013,2337,https://market.yandex.ru/offer/ON4zN6mMUzQ_RCnx0VyUtQ
23,ЯндексМаркет,Жостовская фабрика декоративной росписи,Жостовский поднос,A2D30082022010,1650,https://market.yandex.ru/offer/6cxTIzVbstN6g_ksZlR2FA
24,ЯндексМаркет,Жостовская фабрика декоративной росписи,Жостовский поднос,A2D30082022024,1650,https://market.yandex.ru/offer/9ILMllLo6du3NoT-I-DTVw
25,ЯндексМаркет,Жостовская фабрика декоративной росписи,Жостовский поднос,A2D22092022001,1650,https://market.yandex.ru/offer/K3bzG-jxgWpp9S8wAc-ujA
26,ЯндексМаркет,Жостовская фабрика декоративной росписи,Жостовский поднос,A12D01032022006,3060,https://market.yandex.ru/offer/v2EosxUkquFwQYYOQgCOMA
27,ЯндексМаркет,Жостовская фабрика декоративной росписи,Жостовский поднос,A2D11072022006,1650,https://market.yandex.ru/offer/VthNtGNDLWuUquiTA9pPNA
28,ЯндексМаркет,Жостовская фабрика декоративной росписи,Жостовский поднос,A2D11072022004,1650,https://market.yandex.ru/offer/CjSL0z_9LCNEkwc-zzadCw
29,ЯндексМаркет,Жостовская фабрика декоративной росписи,Жостовский поднос,A9D24012022035,2711,https://market.yandex.ru/offer/E7RnzHReJv8VZR0RiajtjA
30,ЯндексМаркет,Жостовская фабрика декоративной росписи,Жостовский поднос,A15D30082022013,5500,https://market.yandex.ru/offer/wl5D37eieuMjkbcLIQzX3g
31,ЯндексМаркет,Жостовская фабрика декоративной росписи,Жостовский поднос,A1D11072022004,1500,https://market.yandex.ru/offer/WM-UljZZV7X1Y0-uUdPt5g
32,ЯндексМаркет,Жостовская фабрика декоративной росписи,Жостовский поднос,A1D30082022015,1760,https://market.yandex.ru/offer/jF8ywQhoR7vaLFiNigAMnQ